{"section":"12N.2","catch_line":"CONTRACT LANGUAGE REQUIRING YOUTH SERVICE PROVIDERS TO PROVIDE LESBIAN, GAY, BISEXUAL, AND TRANSGENDER SENSITIVITY TRAINING FOR ANY EMPLOYEE OR VOLUNTEER WHO HAS DIRECT CONTACT WITH YOUTH OR WHOSE WORK DIRECTLY AFFECTS YOUTH.","text":null,"history":null,"s3_id":null,"s4_id":null,"structure":{"0":{"label":null,"name":null,"identifier":null},"1":{"label":null,"name":null,"identifier":null},"2":{"label":null,"name":null,"identifier":null},"3":{"label":"chapter","name":"LESBIAN, GAY, BISEXUAL, TRANSGENDER, QUEER, AND QUESTIONING YOUTH:  YOUTH SERVICES SENSITIVITY TRAINING\r\r","identifier":"12N"}}}