{"section":"12N.3","catch_line":"REQUIREMENT THAT CITY DEPARTMENTS PROVIDE LESBIAN, GAY, BISEXUAL, AND TRANSGENDER SENSITIVITY TRAINING FOR ANY CITY EMPLOYEE WHO HAS DIRECT CONTACT WITH YOUTH OR WHOSE WORK DIRECTLY AFFECTS YOUTH.","text":null,"history":null,"s3_id":null,"s4_id":null,"structure":{"0":{"label":null,"name":null,"identifier":null},"1":{"label":null,"name":null,"identifier":null},"2":{"label":null,"name":null,"identifier":null},"3":{"label":"chapter","name":"LESBIAN, GAY, BISEXUAL, TRANSGENDER, QUEER, AND QUESTIONING YOUTH:  YOUTH SERVICES SENSITIVITY TRAINING\r\r","identifier":"12N"}}}