{"section":"21C.3","catch_line":"PREVAILING RATE OF WAGES AND DISPLACED WORK PROTECTION REQUIRED FOR WORKERS IN PUBLIC OFF-STREET PARKING LOTS, GARAGES, OR STORAGE FACILITIES FOR AUTOMOBILES.","text":null,"history":null,"s3_id":null,"s4_id":null,"structure":{"0":{"label":null,"name":null,"identifier":null},"1":{"label":null,"name":null,"identifier":null},"2":{"label":null,"name":null,"identifier":null},"3":{"label":"chapter","name":"MISCELLANEOUS PREVAILING WAGE REQUIREMENTS\r\r","identifier":"21C"}}}