{"section":"41D.3","catch_line":"AUTHORITY OF THE SINGLE ROOM OCCUPANCY HOTEL SAFETY AND STABILIZATION TASK FORCE, APPROVAL OF THE INITIAL UNIFORM VISITOR POLICY FOR RESIDENTIAL HOTELS, AND SUBSEQUENT AUTHORITY OF THE RESIDENTIAL RENT ARBITRATION AND STABILIZATION BOARD.","text":null,"history":null,"s3_id":null,"s4_id":null,"structure":{"0":{"label":null,"name":null,"identifier":null},"1":{"label":null,"name":null,"identifier":null},"2":{"label":null,"name":null,"identifier":null},"3":{"label":"chapter","name":"RESIDENTIAL HOTEL VISITOR POLICIES\r\r","identifier":"41D"}}}